Date,Sensex_Return,Brazil_Returm,Crude_Return,DAX_Return,Dow_Jones_Return,Euro.INR_Return,Euro_Stoxx_Return,FTSE_Return,Gold_Return,VIX_Return,Jpn.INR_Return,NASDAQ_Return,Nifty_Return,S.P_Return,Usd.INR_Return,Movement,China_Return,Singapore_Return,Hong_Kong_Return,Nikkei_Return,Philippines_Return,Australia_Return,Shangai_Return,KOSPI_Return
06/01/2016,-0.001678547,0.006603539,-0.021490751,0.002592518,0.000566799,-0.009179719,0.004186731,0.007189711,-0.004365709,-0.007870508,0.001614639,-0.002378092,-0.000853516,0.002012262,-0.001501953,0,0.007634857,0.000620417,-0.008258481,0.000641891,0.003380755,-0.016336211,0.029574711,0.011674068
07/01/2016,-0.00680249,-0.015233153,-0.05560189,-0.009319017,-0.014695203,0.006353783,-0.012174285,-0.010405329,0.016184649,-0.008980692,0.008239298,-0.011379085,-0.005607189,-0.013115421,0.003309266,1,0.011720193,-0.014577814,-0.017501607,-0.014708942,-0.003449691,-0.011823933,0.005611952,-0.009585111
08/01/2016,-0.02182527,-0.025816111,-0.020606417,-0.022926331,-0.023210586,0.017265237,-0.017405043,-0.019643098,0.015139586,0.145446307,0.00977083,-0.030261985,-0.022309779,-0.023700421,0.002848576,0,-0.053128687,-0.031049128,-0.013513956,-0.031838331,-0.034482961,-0.022017919,-0.034755836,-0.013723371
11/01/2016,0.003319675,-0.002027536,-0.003306282,-0.013077351,-0.010151931,-0.001025305,-0.016601398,-0.006993524,-0.0073988,-0.061313291,0.00140746,-0.009766645,0.004366899,-0.010838407,-0.000597997,0,0.016031203,0.005449521,-0.024129558,-0.031838331,-0.009835946,0.006229964,-0.019651728,0.00410708
12/01/2016,-0.004383114,-0.016293622,-0.052774427,-0.002464124,0.00318846,-0.007834524,-0.00197134,-0.006868569,0.000594846,0.050147493,-0.003865074,-0.001214567,-0.004933334,0.000853265,-0.001346298,1,-0.040499986,-0.005698873,0.00163071,-0.005198656,-0.030722275,-0.011741605,-0.033746827,0.005497633
13/01/2016,-0.005760716,-0.010930029,-0.030881885,0.016321512,0.007174406,0.002606843,0.012277497,0.00977719,-0.012542835,0.001203852,0.003527337,0.010334218,-0.007079728,0.007802794,0.002846016,0,0.00637003,0.001151474,-5.84E-05,-0.001248359,0.007760716,-0.00143952,0.004940254,-0.001719429
14/01/2016,0.006971874,-0.014409891,0.00131406,-0.00245057,-0.022087984,0.001320668,0.002727872,0.005351445,0.001709694,-0.019238477,-0.000702988,-0.034114966,0.00693714,-0.02496544,-0.000448096,0,-0.010536274,-0.021248281,-0.022464584,-0.003678696,0.003755528,0.012649489,-0.054933889,-0.005855078
15/01/2016,-0.003264651,0.014268276,0.023622047,-0.016741358,0.014094126,0.004884147,-0.015951735,-0.007169974,0.006442012,0.013758344,0.0029898,0.019650645,-0.003385169,0.016695939,0.005977286,1,0.011458805,0.000685486,0.010344799,0.007910875,0.010350429,-0.011549104,0.039665281,0.011963997
18/01/2016,-0.012833746,-0.023569048,-0.057051282,-0.025416063,-0.023870127,0.01158705,-0.023650794,-0.019284482,0.011079742,0.043536684,0.015255129,-0.027427952,-0.013135548,-0.021599093,0.006833036,1,-0.027098281,-0.023813736,-0.024976923,-0.039693627,-0.020793647,0.004580153,-0.047023979,-0.031213625
19/01/2016,-0.010904501,-0.016382532,0.00907563,-0.002453571,-0.023870127,-0.003912717,-0.005788354,-0.004166021,-0.003607273,0.041720319,-0.004145078,-0.027427952,-0.011670118,-0.021599093,-0.001770434,0,-0.001294792,-0.002934146,-0.000197538,0.004478535,0.003212858,-0.002443933,0.023483428,0.012806905
20/01/2016,0.012050006,0.003156263,-0.051965356,0.014950876,0.001747552,0.002544098,0.015364228,0.016761478,-0.003372105,-0.088751545,-0.001387444,-0.002555465,0.01144062,0.000531822,0.001034585,1,0.026149784,0.010262994,0.002522873,0.007572347,9.29E-05,0.009429107,0.026969438,0.002957761
21/01/2016,-0.017067105,-0.010813514,-0.067111736,-0.028204064,-0.015564416,0.001691761,-0.032846948,-0.034580044,0.019443639,0.137547477,0.009378256,-0.001174907,-0.016919746,-0.011693855,0.003395836,1,-0.01688452,-0.012026656,-0.013091616,-0.033083426,-0.021455056,-0.01256348,-0.019585635,-0.019762804
22/01/2016,-0.004148859,0.001902752,0.112241055,0.019434305,0.007353454,-0.003877723,0.021276005,0.017662569,-0.005132005,-0.007274028,-0.008947006,8.27E-05,-0.00444639,0.00519542,-0.002354326,0,-0.022362978,-0.000821352,-0.004106057,-0.007903146,-0.015467427,0.008695652,-0.007933506,0.006601374
25/01/2016,0.019758194,0.008328051,0.090077887,0.019920285,0.013274208,-0.010756116,0.026933476,0.021860857,-0.004788098,-0.095735736,-0.012673611,0.026636494,0.020015666,0.020283683,-0.003687316,0,0.008690487,0.008860058,0.017926623,0.049525853,0.029965731,0.00663445,0.007890461,0.016045799
27/01/2016,0.002058058,0.008328051,-0.057471264,-0.002942176,-0.012942484,0.007884002,-0.007088492,-0.003899993,0.01145611,-0.029489904,0.007209425,-0.015832531,0.001845752,-0.015637946,0.003108808,0,-0.050478161,0.00519524,0.007500194,0.006894737,0.004245525,0.018429618,-0.052150826,0.003294595
28/01/2016,0.000263008,0.023438642,0.027027027,0.005911786,-0.013779107,0.007950518,0.003504966,0.013348648,0.00622372,0.043388995,0.003846154,-0.021783535,0.000215165,-0.010863456,0.005904931,1,-0.000296726,-0.014566871,-0.006146724,0.006528336,0.023882183,-0.012024128,-0.016298511,-0.001424735
29/01/2016,-0.000931718,0.006613966,0.028482972,-0.024413966,0.007851003,0.00288299,-0.021045057,-0.009780698,0.000477913,-0.060737243,-0.002438175,0.008618741,-0.001761285,0.005528559,-0.00132081,0,-0.017062817,0.011091569,0.002338459,0.005581529,0.014548377,0.006024584,-0.021507399,0.010411694
01/02/2016,0.016392605,0.045969228,0.012040939,0.016444683,0.024683814,-0.011915237,0.022041203,0.025626372,-0.006912615,-0.036871508,-0.021124302,0.023802444,0.018707953,0.024760215,-0.002498163,0,0.028244836,0.026185325,0.033050795,0.031742238,0.017518782,0.005888027,0.029451345,0.007669251
02/02/2016,-0.001843938,0.004060042,-0.0594884,-0.004105894,-0.001039699,0.004166922,-0.007907812,-0.003893954,0.012736828,0.037703016,-0.000178348,0.001391433,-0.001004819,-0.000443244,-0.000589275,0,-0.017260236,-0.018892323,-0.014976005,0.000955954,-0.012801393,0.007611627,-0.015745264,-0.002427564
03/02/2016,-0.011513875,-0.048653391,-0.055028463,-0.018122789,-0.017972932,0.004867185,-0.022893006,-0.022786753,0.003676692,0.008105087,0.010702818,-0.022383489,-0.013287542,-0.018743103,0.002063679,1,0.014401059,-0.013914495,-0.028959885,-0.012367553,-0.002324886,-0.009973035,0.01175232,-0.011034173
04/02/2016,-0.01286442,0.025718873,0.080321285,-0.015261391,0.011336215,0.016342973,-0.018706913,-0.014331283,0.005258876,0.030634877,0.01694317,-0.002813846,-0.012574525,0.004992039,-0.00073551,1,-0.009020459,0.004186216,0.014778794,-0.024363606,-0.007670772,-0.023331264,0.011715087,0.003511403
05/02/2016,0.004752032,0.031143136,-0.017348203,-0.00439436,0.004892065,0.003572636,0.002993133,0.01055654,0.014537334,-0.020443847,0.00399167,0.001181109,0.005732294,0.001526773,-0.005741204,0,0.010579799,0.002798693,0.005054621,-0.016435955,0.016868514,0.021243438,0.011503109,0.007403393
08/02/2016,0.011444452,-0.005625679,-0.026166456,-0.011404865,-0.012890017,-0.000468932,-0.008918184,-0.008595027,-0.004673232,-0.005080324,0.002765774,-0.0324688,0.011493787,-0.018481297,0.003997631,1,0.010579799,0.002798693,0.005054621,-0.010102123,0.016868514,-0.000843306,0.011503109,0.007403393
09/02/2016,-0.013387107,-0.005625679,-0.038847523,-0.033045703,-0.010979348,0.006772964,-0.032722209,-0.027137204,0.040971038,0.11827215,0.012411653,-0.018195611,-0.013599765,-0.014153879,0.003244359,1,0.010579799,0.002798693,0.005054621,0.002760378,0.008856303,-0.000160765,0.011503109,0.007403393
10/02/2016,-0.010970288,-0.005625679,-0.058942405,-0.011132197,-0.000790538,0.00655019,-0.017474696,-0.010048582,-0.001371866,0.072565716,0.004256768,-0.00349927,-0.012054553,-0.000663631,-0.001910922,0,0.010579799,-0.003674467,0.005054621,-0.032335561,-0.016868455,-0.028801704,0.011503109,0.007403393
11/02/2016,-0.010910462,-0.005309162,-0.017537581,0.015529202,-0.006221908,-0.000847679,0.019203362,0.007121564,-0.002677083,0.03394316,0.015089861,0.003474077,-0.011304157,-0.000188963,-0.000589102,1,0.010579799,-0.001218921,-0.041500236,-0.032335561,0.003553819,-0.011671944,0.011503109,-0.021869369
12/02/2016,-0.033969165,-0.026210244,-0.045173042,-0.029323666,-0.015995235,0.012021145,-0.038973844,-0.023858047,0.050197202,0.155797908,0.017203942,-0.003910272,-0.033170725,-0.012301146,0.008989095,1,0.010579799,-0.0078114,-0.011258224,-0.043501742,-0.001405036,0.00950646,0.011503109,-0.011753209
15/02/2016,0.001493999,0.012456032,0.123235406,0.024522242,0.020029144,-0.010724051,0.02828362,0.030816493,-0.002652686,-0.049778548,-0.012151067,0.016562608,0.000659371,0.019518009,-0.005111728,0,-0.002456939,0.011590546,0.021340022,-0.011531628,0.009145587,-0.011574122,-0.035255904,0.003598697
16/02/2016,0.024710564,0.007155337,0.052269601,0.026688568,0.020029144,-0.00917808,0.028195025,0.020442918,-0.02787702,-0.09311987,-0.011469415,0.016562608,0.02607095,0.019518009,0.0001468,1,-0.008640802,0.014372844,0.018472998,0.039419925,0.00501306,0.016410299,0.027419403,0.006875461
17/02/2016,-0.015375229,0.021320738,-0.050980392,-0.007790947,0.013933406,0.004032868,-0.004449745,0.006505525,0.00644648,0.02972067,0.009416513,0.022695049,-0.016012956,0.016516694,0.004990459,1,0.024906121,0.019102285,0.009700354,0.011727837,0.008719792,0.013729741,0.025803131,0.010325651
18/02/2016,0.008188179,0.016682744,0.055785124,0.026502144,0.015893646,-0.003551444,0.027101366,0.028683917,0.000632178,-0.052408854,-0.002498751,0.022117021,0.008541127,0.016480444,-0.002044691,0,0.006143606,-0.002212965,0.010992188,0.006406471,0.000714219,-0.005682281,0.018383184,0.010580022
19/02/2016,0.011434073,-0.003679726,0.003587736,0.009217027,-0.002455355,0.001229681,-0.000886904,-0.00967942,0.001325166,-0.015916638,0.010855043,-0.01026012,0.011718448,-0.004665719,0.003073321,1,-0.003484617,0.005266976,-0.008798916,-0.005433112,0.009362277,0.022510805,-0.009327568,-0.002566251
22/02/2016,0.002534122,0.001585674,-0.036724082,-0.007987413,-0.001306247,0.002522018,-0.008324266,-0.003637003,0.017396172,-0.026530137,0.006112671,0.003763755,0.002641916,-2.61E-05,0.0001459,0,-0.002010689,-0.002567071,0.007059308,-0.012399068,-0.007658189,-0.007852564,0.011804266,0.00370701
23/02/2016,0.003359041,0.040715252,0.062078273,0.019763423,0.013950106,-0.009604109,0.021894429,0.014705314,-0.015398334,0.00502032,-0.003448276,0.014692203,0.003300628,0.014454213,-0.000291758,1,0.021784306,0.009891514,0.006849301,0.023908944,0.000469633,0.00977225,0.012847054,0.009044969
24/02/2016,-0.01591548,-0.016512374,0.012388818,-0.01638048,-0.01136417,-0.000403501,-0.015859382,-0.01249145,0.008215793,0.13403901,0.007579502,-0.014665439,-0.0172782,-0.012454382,0.000437764,1,-0.010728995,-0.009473739,-0.011513851,-0.023366674,0.002454482,-0.004318963,-0.0122466,-0.010441455
25/02/2016,-0.013722663,-0.010262708,0.008785692,-0.026439002,0.003238237,-0.002574181,-0.023252914,-0.015955225,0.024371278,-0.0370215,-0.002452984,0.008666439,-0.012778587,0.004439772,-0.001896149,1,0.006344505,-0.005526152,-0.003466903,0.008348932,0.002454482,-0.021005703,0.011197697,0.005432989
26/02/2016,-0.004891088,-0.004672973,0.028615863,0.017853793,0.012878382,0.005871543,0.02027487,0.024821124,-0.009487195,-0.009148334,-0.002295082,0.008715254,-0.006853121,0.011348326,0.004968581,0,-0.046163493,-0.005056856,-0.00184955,0.020524329,-0.011891533,0.001271795,-0.055498522,0.004179086
29/02/2016,0.007760272,-0.007038309,-0.008769277,0.019484583,-0.003432892,-0.008554732,0.017981386,0.013837124,-0.007686231,-0.038689822,-0.009365757,0.00180481,0.00848564,-0.001870164,-0.000436237,1,0.010305571,0.015015438,0.009709097,0.000109738,0.00678165,-0.000245841,-0.001902133,-0.002771003
01/03/2016,-0.006577612,0.028869706,0.029591214,-0.001881576,-0.007420085,-0.013238865,0.00566374,0.000177165,0.0024534,-0.078092842,0.00398076,-0.007084242,-0.006074185,-0.008120941,-0.007710212,0,-0.007289274,0.000240054,-0.005482757,-0.018408894,-0.015685291,0.000184426,-0.024114186,-0.002771003
02/03/2016,0.033794887,0.031030853,0.019259259,0.023354466,0.021104956,-0.007213888,0.017190868,0.009150267,-0.006021444,-0.07366985,-0.018338014,0.028883599,0.033669431,0.023868794,-0.006743879,0,0.013195339,0.019334686,0.02742369,0.023635796,0.016591837,0.008482042,0.016883774,0.011713221
03/03/2016,0.019497169,0.017489998,0.00755814,0.006119072,0.002030231,-0.005188279,0.008593674,-0.000945899,-0.002684869,0.017003615,-0.000336587,0.002946946,0.02029132,0.004094321,-0.005166052,0,0.030896834,0.00630916,0.014849276,0.018564523,0.015461341,0.020092233,0.041539705,0.00697434
04/03/2016,0.015015068,0.051230379,-0.002596653,-0.002526436,0.002637976,0.004232342,-0.003067363,-0.002700478,0.005260035,-0.05002633,-0.006060606,0.000850445,0.014486657,0.003498704,-0.004154303,0,0.00264799,0.021035161,-0.001489393,0.013870571,0.012723851,0.011929419,0.00042496,-0.000929601
08/03/2016,0.001604829,0.040079342,0.0390512,0.007408797,0.00371048,0.001393506,0.008125143,0.011250379,0.018989529,-0.008730599,-0.003218157,0.002039334,0.001304243,0.00330591,-0.002681764,1,-0.005558135,-0.007620461,-0.008568365,-0.007939081,-0.007475681,0.010373281,0.003128204,-0.001182913
09/03/2016,0.000517315,-0.002923277,-0.036939314,-0.008805667,-0.006433778,0.00427614,-0.006315601,-0.009213251,0.002563455,0.032573745,0.012533875,-0.012622524,-6.68E-06,-0.011240109,0.004776832,0,0.002600619,-0.013589701,-0.011591439,-0.015624519,0.002476349,-0.006766742,-0.01942901,-0.00938773
10/03/2016,0.005463674,-0.008900834,0.049041096,0.00312293,0.002137455,-0.0030703,0.004720171,0.003408735,-0.018814245,-0.051990252,-0.009869522,0.005498169,0.006212176,0.005052393,-0.002674194,1,-0.002018757,0.015986263,0.007873865,0.011152085,0.003439234,0.00963195,0.002873836,0.009440623
11/03/2016,-0.006881515,0.018617452,-0.011752416,-0.023134621,-0.000307641,0.018634213,-0.015052152,-0.017835062,0.013557279,0.022279349,0.005068424,-0.00261425,-0.006060968,0.000155837,0.0025324,0,-0.019231363,-0.007142504,-0.007716119,-0.01194575,0.009217208,-0.001376716,-0.023167121,0.004814
14/03/2016,0.003843914,0.001363092,0.01744186,0.035057353,0.012837795,-0.008272865,0.034677761,0.017077211,-0.000339198,-0.044565521,-0.011766683,0.018512878,0.003212599,0.016395503,-0.00564636,0,0.003175758,0.014768834,0.023663525,0.032831673,0.022711888,0.003164987,0.017428818,0.008860438
15/03/2016,0.00349098,-0.015539293,-0.034285714,0.016186339,0.000919056,-0.000804036,0.005914503,0.005664689,-0.017432202,0.00029244,0.003401939,0.000381175,0.003801497,-0.001261009,0.003287507,1,0.004494131,0.000880884,-0.003605021,0.003752145,-0.002854314,0.003696965,0.008444991,-0.005101373
16/03/2016,-0.010204287,-0.035551564,-0.022592792,-0.0056465,0.001300124,0.003748483,-0.008011048,-0.005603629,-0.004513309,0.028943137,0.009154094,-0.004549206,-0.01036644,-0.001836961,0.003425678,0,0.007547963,-0.002394878,0.002056838,-0.013852005,0.000855664,-0.014289847,0.001657335,-0.002039876
17/03/2016,0.005348421,0.013439629,0.05833792,0.004989002,0.004302807,0.007462288,-0.001682311,0.005785045,-0.005097481,-0.027418667,0.002183773,0.007465101,0.00511353,0.005600393,-0.00296868,1,0.015458872,0.009504093,0.011807334,0.007434034,-0.004540519,0.001486872,0.005841796,0.006649489
18/03/2016,-0.000207029,0.065957575,0.04524181,-0.009136157,0.00898835,6.63E-05,-0.006188664,0.004150278,0.022575552,-0.016067777,0.002514247,0.002311098,0.001840307,0.006595239,-0.008188179,1,-0.00091967,0.005786646,0.000929541,-0.013084828,0.016223639,0.009611252,0.013949315,0.005854819
21/03/2016,0.011158807,-0.001947017,-0.018905473,0.005923859,0.006910738,-0.007850782,0.005477967,-0.001851278,-0.013482843,-0.027167458,-0.00518308,0.004328814,0.012219553,0.004405589,-0.003602522,0,0.005016971,0.005794894,0.006750751,-0.013084828,0.016187326,0.002883015,0.021587916,0.001472717
22/03/2016,0.0133304,0.007023367,0.011916836,-0.000217068,0.001225408,-0.000828716,-0.003595041,-0.000817495,-0.006759149,-0.003052037,-0.001680672,0.002756665,0.013137218,0.000985568,0.001807773,0,0.022232854,-0.007107235,0.001293262,0.003172281,0.003525364,-0.00416739,0.007779188,-0.002941103
23/03/2016,0.001784431,-0.003153315,0.03858682,0.004157352,-0.002343413,0.00169894,0.000806883,0.001319411,0.009964851,0.005969692,0,0.002659668,0.001382354,-0.000877364,0.003909774,0,-0.0077756,0.00132763,-0.006533568,0.00761396,-0.008840771,0.000988085,-0.003484773,0.001555155
28/03/2016,0.00027911,-0.025879927,-0.040048251,0.003296296,-0.004548823,-0.000327192,-0.00288736,0.001028624,-0.028447484,-0.005173463,0.002693603,-0.010950585,0.000207391,-0.006385989,0.002546435,1,0.004622805,-0.008277714,-0.006533568,0.010604424,0.006583665,0.000988085,0.010760436,-0.003078762
29/03/2016,-0.014648609,0.023779744,-0.001773948,0.003296296,0.00112242,-0.000629845,-0.00288736,0.001028624,-0.001724083,0.0697461,-0.006598985,-0.001407769,-0.013140673,0.000545203,-0.003291935,1,-0.010959559,-0.005250071,-0.003147571,-0.008406079,-0.004304209,-0.011298446,-0.010475199,0.001007592
30/03/2016,-0.00264115,0.006230744,-0.028179741,0.003714212,0.00557273,0.004961481,0.006073532,-9.50E-05,0.002775106,0.008721762,0.003236246,0.016747119,-0.002376857,0.008816671,-0.003452935,0,-0.006330343,0.001142285,0.007805234,0.005460611,-0.003343833,-0.015676016,-0.005238931,0.009215221
31/03/2016,0.017594856,0.001836185,0.001044932,0.016046821,0.004738245,0.004156409,0.013055473,0.015930493,0.006616797,-0.047058824,0.00237691,0.004677487,0.018191391,0.004350344,0,0,0.022010091,-0.002475648,0.012947885,-0.004736495,0.004135934,0.001158957,0.023170657,0.000239373
01/04/2016,0.000129447,-0.023291223,0.000521921,-0.008072375,-0.001781939,0.001886893,-0.012867514,-0.004557347,-0.001730458,-0.013386881,-0.003218157,0.000115006,0.000413693,-0.002039778,-0.001807773,1,-0.00101103,-0.004225755,-0.001214715,-0.016330983,-0.007606114,0.014470191,-0.004080588,-0.005459386
04/04/2016,-0.00284983,0.01011402,-0.040427752,-0.017146137,0.006087614,0.002374068,-0.01718842,-0.00467214,-0.018916662,0.041911654,0.010025489,0.009176874,-0.003275871,0.006330896,0.001660127,0,-0.00101103,0.002042075,-0.001214715,-0.037788076,-0.003874136,-0.016408279,-0.004080588,-0.010046271
05/04/2016,0.005144909,-0.035235089,-0.029627616,0.002801532,-0.003133299,-0.003559284,0.003047459,0.003037723,0.005257094,0.009984083,-0.001009421,-0.004627086,0.005931506,-0.003208252,-0.003917433,1,0.004568281,-0.005618415,-0.022819008,-0.002705784,0.003284707,-0.000820098,0.001284579,-0.001190036
06/04/2016,-0.020317603,0.005609472,0.005322129,-0.026340653,-0.007536788,0.004069953,-0.024281972,-0.01192106,0.013238008,0.021776504,0.013640957,-0.009785764,-0.020054648,-0.01014457,0.004689154,0,0.004999979,-0.004134437,-0.010430359,-0.019728588,-0.006385584,-0.014193342,0.012929282,-0.004669486
07/04/2016,0.000684789,-0.01951701,0.051825021,0.006394196,0.006403906,0.002757408,0.006577058,0.0115576,-0.005015905,-0.027201346,0.006479482,0.01585283,0.001466488,0.010507684,0.001505571,1,-0.004896804,0.006745459,0.009841791,0.000735009,-0.002591692,0.004366014,0.006118944,0.007936144
08/04/2016,-0.008642753,0.008667206,-0.012980132,-0.009755302,-0.009826683,0.001661765,-0.012989111,-0.004015171,0.014584587,-0.023637936,0.018322879,-0.014703133,-0.008917373,-0.011975845,0.003607937,1,-0.01204601,-0.010011356,-0.011637703,-0.009036003,0.001807239,0.003032815,-0.02293401,-0.008823752
11/04/2016,-0.000469103,0.036687616,0.066022544,0.009615324,0.001995216,-0.000934838,0.014072441,0.011002316,-0.002093496,-0.029672276,-0.001621008,0.000478511,0.001159486,0.002786607,-0.003145596,0,-0.005921959,0.002785356,0.009682179,0.010548796,0.00479814,-0.004696728,0.006261294,0.005588159
12/04/2016,0.014116976,-0.002534352,0.01611279,0.006311407,-0.001169144,-0.003393606,0.00420676,-0.000691444,0.011048471,-0.025559105,-0.002922552,-0.003564441,0.015380136,-0.002739793,-0.003906837,1,0.009963167,0.004779506,0.009127244,-0.002685646,0.005944559,-0.001235418,0.008111317,-0.000887311
13/04/2016,0.004932828,0.036606654,0.044846383,0.008104935,0.009389163,-0.001996813,0.006107591,0.00681761,-8.16E-05,0.00078064,-0.005699397,0.008004717,0.004894804,0.009662143,-0.000150852,0,-0.001890308,0.009766146,0.014609074,0.026939598,0.003961552,0.008942512,0.003318708,-0.000887311
18/04/2016,0.019134966,0.022075749,-0.009722552,0.027109646,0.010553996,-0.006645069,0.033003749,0.019303504,-0.004738018,0.000624025,-0.004094333,0.015461537,0.018355288,0.010040161,0.003319252,0,0.002086062,-0.005467291,-0.011460772,-0.011910009,-0.006419113,0.00761942,-0.008612558,-0.005975027
20/04/2016,0.007398909,-0.006268536,-0.014370664,0.006838733,0.00596174,-0.000924042,0.003172535,0.001540099,0.005111891,0.056906766,-0.004242128,0.004414546,0.008184244,0.006540974,-0.00360036,1,0.002053424,0.008411764,0.000685228,0.028413415,-0.004455677,0.010064044,0.001066577,0.000967694
21/04/2016,0.001077611,-0.001473095,0.037731256,0.006927811,0.002363518,-0.00512428,0.009486057,0.000766547,-0.007802224,0.007523234,-0.005612413,0.001578842,6.32E-06,0.000761615,0.000302343,0,-0.005176368,-0.0009949,-0.002163818,0.007824635,3.47E-05,0.00524206,-0.031474767,-0.001214645
22/04/2016,0.001400702,-0.001473095,0.012901712,0.001385625,-0.006285826,0.004093782,0.00291804,-0.004495917,6.39E-05,-0.032942899,0.008466135,-0.000452696,-0.000341135,-0.005194064,0.004836028,0,-0.000960722,-0.005267383,0.001950351,0.001931662,0.005634537,0.010870399,-0.007223198,0.000163804
25/04/2016,-0.001632124,-0.013481959,0.012737378,-0.005964125,0.001180591,-0.002278375,-0.003353756,-0.011126015,-0.002254347,-0.008024224,-0.018436214,-0.008018779,-0.001611466,4.78E-05,0.002556775,1,0.005640682,-0.002032977,-0.001845847,0.022826903,0.000929232,0.010870399,0.005775597,0.000555851
26/04/2016,-0.006161821,-0.019773425,-0.02492568,-0.007629062,-0.001472471,0.003445398,-0.007481408,-0.007847313,-0.001402328,0.011752137,0.005533199,-0.002127907,-0.005601762,-0.001812027,0.000450045,0,-0.00364163,-0.014409969,-0.001333112,-0.014477482,-0.001984838,-0.006884518,-0.001779679,-0.001383894
27/04/2016,0.012787527,0.023539332,0.032833021,-0.003376609,0.000727587,-0.001517158,0.00117718,0.003769414,6.05E-06,0.000452557,-0.005336001,-0.001533971,0.013698194,0.001872794,-0.004348478,0,0.003204702,0.000702816,-0.000359682,0.000640606,-0.007392042,-0.00301734,0.007630607,0.003005076
28/04/2016,0.002184771,0.026285122,0.029291553,0.003922184,0.002847643,0.00140617,0.002928276,0.005631297,0.003532512,-0.013721351,-0.001844091,-0.005142913,0.002166364,0.001649376,-0.00060241,1,-0.004172912,0.000844171,0.005457056,0.003990287,0.001099822,-0.006301958,-0.00385887,0.000752732
29/04/2016,-0.017687917,-0.003043626,0.015442312,0.002069937,-0.011683586,0.003367407,-0.001597225,0.000393993,0.007955761,0.014982419,0.031575411,-0.011895607,-0.016623015,-0.009230843,0.000602773,0,-0.001343717,-0.011331386,-0.012739565,0.003990287,-0.005206959,0.00726719,-0.006888292,-0.010960843
02/05/2016,0.000137483,-0.007391741,-0.002389746,-0.027339977,-0.003203453,0.009438217,-0.03110612,-0.012734088,0.02060549,-0.003615002,0.016769782,-0.006228552,0.000324955,-0.005063084,0.000451807,0,-0.001343717,-0.011331386,-0.012739565,-0.06203857,-0.007838056,0.005128794,-0.006888292,-0.003422259
03/05/2016,-0.00662524,-0.00647332,-0.024825784,0.008397276,0.006612039,0.005617867,0.001449701,-0.012734088,0.001281704,0.033560091,-0.001761127,0.008843312,-0.005592499,0.007810003,-0.001204275,1,-0.002627473,-0.006017335,-0.007232079,-0.06203857,-0.005894728,-0.001751647,0.001706764,-0.001757169
04/05/2016,-0.008148376,-0.024296169,-0.02523448,-0.019410724,-0.007839067,-2.61E-05,-0.019257403,-0.009019704,0.007101834,0.021646921,0.001283079,-0.011285726,-0.007545575,-0.008676727,0.003165034,1,0.009617997,-0.019877869,-0.023989912,-0.06203857,-0.002097825,0.021132939,0.014501478,-0.005079614
05/05/2016,-0.005072197,0.005599099,0.002978236,-0.009924678,-0.005613797,0.000156818,-0.011919172,-0.011893772,-0.00618889,-0.001002147,-0.00272305,-0.007889621,-0.005221376,-0.00593689,0.001051683,0,-0.002390908,-0.01138048,-0.009371245,-0.06203857,-0.00595917,-0.015446972,0.001337566,-0.005079614
06/05/2016,0.006393185,-0.016778554,0.012334399,0.002402259,0.000535373,-0.008166305,0.000544449,0.000855691,-0.00315467,-0.015763829,-0.003212335,-0.001809279,0.003756545,-0.000238894,-0.001050578,1,-0.000315402,-0.002751721,-0.000314773,-0.008829805,-0.004462279,0.001991994,0.003809817,-0.005079614
09/05/2016,-0.001334404,0.000905536,0.00767148,0.001836201,0.004525299,0.000638923,-0.001193735,0.00138134,0.00747849,-0.012958649,0.001772478,0.004040627,-0.000265012,0.003174634,0.000600962,0,-0.019373232,-0.000618843,-0.003809416,0.000857354,-0.004462279,0.0019691,-0.034098186,-0.001880459
10/05/2016,0.018247617,-0.014071936,-0.02731751,0.011199651,-0.001957089,0.000342297,0.006466134,-0.001777756,-0.019200006,-0.019766927,-0.009165461,0.002968656,0.017146293,0.000753473,0.002252252,0,-0.01365995,0.000404319,-0.015654416,0.004987499,-0.001434846,0.00542328,-0.025492376,-0.004385876
11/05/2016,0.003257054,0.040808934,0.028084715,0.006507697,0.012563037,-0.002770338,0.007828596,0.006842404,-0.000397956,-0.011888638,-0.010386238,0.01256155,0.002765047,0.012483667,-0.001797753,1,-0.000531132,0.004554938,0.01930276,0.026320405,0.037494527,0.004153589,0.007515067,0.011857406
12/05/2016,-0.006809964,-0.00577435,0.035154501,-0.006980282,-0.012116564,0.003556676,-0.007472381,0.000948568,0.01067065,0.03335364,0.006887504,-0.010226866,-0.004938006,-0.00956155,-0.001050578,0,0.003562085,-0.010815591,-0.012151706,-0.016552228,0.023831035,0.005521449,-0.011053124,-0.007988256
13/05/2016,0.007547754,0.009037333,0.010166559,-0.011348007,0.000529611,-0.001229576,-0.007187042,-0.009460462,0.002481051,-0.03743552,-0.00276873,-0.004906852,0.006567841,-0.000169536,0.003004808,1,0.003448885,0.002400023,-0.012786249,0.020928705,-0.004170389,-0.00241982,0.00581414,0.003390294
16/05/2016,-0.01165752,-0.02699032,-0.010492505,0.009204917,-0.010450044,-0.004687356,0.007211817,0.005620729,-0.008616443,0.041035064,0.005226196,-0.004147906,-0.010822237,-0.00847823,0.001497903,0,-0.003344282,-0.003428751,-0.006637945,-0.024532601,0.001832016,-0.005653723,-0.004129456,-0.00912135
17/05/2016,0.006420665,-2.68E-05,0.03267691,0.009204917,0.010002099,0.00093924,-0.001772288,0.002101491,0.016384094,0.002059126,-0.003737407,0.012247545,0.005866998,0.009796688,-0.000299133,0,0.002357517,0.006583991,0.013974899,0.013850116,0.019394698,0.005610809,0.012123773,0.006091003
18/05/2016,0.004692586,-0.018598952,0.012363789,-0.006300676,-0.01020456,-0.000773155,-0.004506351,0.002661183,-0.006638667,-0.03874945,-0.001304844,-0.012507696,0.00381643,-0.009411321,-0.000149611,0,-0.00272547,0.00723328,-0.006244984,-0.000454301,0.000793291,0.006904402,-0.007979852,-0.005613367
19/05/2016,-0.002677157,-0.005463081,-0.002483958,0.00536289,-0.000191672,-0.003888606,0.006242151,-0.000319402,-0.000898805,0.005038937,-0.004899559,0.004959996,-0.002610652,0.000205157,0.004638635,1,0.00235733,0.002572257,-0.006685489,0.011802738,0.001018379,-0.007357438,-0.009147225,-0.0045191
20/05/2016,-0.011861296,-0.008488045,-0.000622536,-0.014818122,-0.005204654,0.00314693,-0.012586126,-0.018237698,-0.015162071,0.03691887,0.006564911,-0.005610746,-0.011022662,-0.003706724,0.004468275,1,-0.002929324,-0.009685265,-0.004963094,-0.01264141,-0.019675697,-0.006142414,-0.003361512,-0.005153769
23/05/2016,-0.003851224,-0.008173934,-0.008513289,0.012263306,0.003759019,0.001462637,0.014709409,0.017010416,0.007872225,-0.037362637,-0.00211968,0.01210178,-0.004329727,0.00601949,-0.00044484,1,0.003650999,0.006343874,0.007967722,0.004597171,-0.009506272,0.005259895,0.0119661,0.005360523
24/05/2016,-0.002827456,-0.007890352,0.006910995,-0.007435443,-0.00045769,-0.000429559,-0.009867799,-0.003230826,-0.006764972,-0.016133942,0.008992806,-0.000792526,-0.002406545,-0.002085445,0,1,-0.000564326,-0.000380188,0.002015855,-0.0039733,-0.001587291,-0.006054604,0.00473055,-0.001576044
25/05/2016,0.002976969,0.00029941,0.011231281,0.021846542,0.012183208,-0.003695794,0.026318392,0.013498076,-0.004247239,0.003712871,-0.003565062,0.01999253,0.002302404,0.013681373,0.003263611,0,-0.006376538,0.009214921,0.016579568,0.009594075,0.01189898,-0.004380605,-0.001637508,0.00125565
26/05/2016,0.022750022,0.002789938,0.019333608,0.014705722,0.008215271,-0.004034666,0.017102308,0.007008872,-0.017330246,-0.043156597,-0.007480891,0.006959387,0.024010014,0.00697475,-0.005323081,0,0.003046521,-0.00083627,0.010751728,0.009743295,0.005799081,0.01452149,-0.007580167,0.006234548
27/05/2016,0.018759198,0.002789938,-0.001614205,0.006614269,-0.00130073,-0.001672375,0.003138882,0.000447081,-0.000871763,-0.012564433,-0.000983123,0.001405547,0.016981941,-0.000210472,-0.005054259,0,0.001777808,-0.000650179,0.002528778,-0.00574148,-0.006051978,0.002903676,0.001574529,-0.001770263
30/05/2016,0.010881916,-0.008717564,-0.003031528,0.001323896,0.002520152,-0.005506057,0.002367145,0.000820346,-0.007801605,-0.004241436,-0.002624241,0.006475212,0.010781137,0.004286876,0.001494098,0,-0.000578366,0.005071818,0.004830845,0.008509551,0.002047642,0.003303576,-0.001178153,0.003765931
31/05/2016,0.002701324,-0.001776704,-0.00141186,0.004561402,0.002520152,0.004925844,0.003745355,0.000820346,0.002647965,0.046854522,-0.005757526,0.006475212,0.002678796,0.004286876,0.002088617,1,0.008318955,0.011866316,0.004563511,0.0032839,0.009431759,0.000388464,0.002820955,-0.003680726
01/06/2016,-0.002156734,-0.010060995,-0.008281155,-0.006821681,-0.004812787,-0.000741265,-0.008585733,-0.006378782,-0.002374306,0.004381847,0.00446724,0.002949219,-0.002249801,-0.001000448,0.000595504,1,0.02595398,-0.014611233,0.005296515,0.003978987,-0.0042279,-0.005436391,0.033501146,0.007337692
02/06/2016,0.001723791,0.011159912,-0.001832994,-0.005680744,0.000138864,0.008487433,-0.00806599,-0.006236769,0.004027902,-0.013088189,0.014000988,0.000846797,0.002432568,0.001130208,0.003273322,0,-0.006247577,0.00041607,0.002088145,-0.016374592,0.007990848,-0.010300078,-0.002032806,0.003535893
03/06/2016,0.004836802,0.017844169,0.00326464,0.000348868,0.002748224,-0.005844814,-0.001615785,-0.001020683,-0.003597746,-0.047205557,0.003736192,0.003858852,0.004767755,0.002824711,-0.002372831,0,-0.001410952,0.006941183,0.008968305,-0.012948007,0.00065674,-0.008322062,0.006378769,0.003891404
06/06/2016,-4.10E-06,0.014678303,-0.011185682,-0.01026058,-0.001765838,0.015304524,-0.011968252,0.003883206,0.023461208,-0.006130903,0.017964072,-0.005801229,0.00022509,-0.002911754,-0.004013676,1,0.0060988,0.003760001,0.000718169,-0.013626306,0.005080068,0.007577336,0.0038228,0.003891404
07/06/2016,-0.002443092,-0.003708057,0.022007404,0.001763787,0.00636096,-0.004228024,0.001451185,0.010269533,-0.001274187,0.024008003,-0.01240458,0.005298916,-0.002402443,0.004897267,-0.003134328,0,-0.006296929,0.009127123,0.011817675,0.016962351,0.012646575,0.007745963,-0.001601502,0.000753171
08/06/2016,0.008672222,0.0011116,0.013483598,0.016460694,0.001001656,-0.001661469,0.012921816,0.001774158,-0.006653653,-0.031585803,-0.000161031,-0.001400766,0.007974589,0.00128946,-0.001946399,0,0.000480474,0.004450225,0.003549184,0.00429042,0.010321306,0.002033544,-0.001328211,0.010355831
09/06/2016,0.000406891,0.022608009,0.017275616,-0.006867438,0.003722207,0.000785888,-0.006883306,0.002703464,0.016298319,0.018325488,0.001127396,0.002597874,0.000798408,0.003309455,-0.00240024,1,0.000480474,0.005014943,0.003549184,0.001168486,0.000167006,-0.000186185,-0.001328211,0.007101285
10/06/2016,-0.009518642,-0.00989419,-0.013078274,-0.012543763,-0.001103024,-0.003068497,-0.010176305,-0.011049715,0.002120126,0.035000825,0.002734878,-0.003220334,-0.008394727,-0.001717694,0.003759398,0,0.000480474,-0.007570191,-0.002544816,-0.006242971,-0.020427025,-0.00150838,-0.001328211,-0.002588732
13/06/2016,-0.004771805,-0.033183707,-0.029469937,-0.025201038,-0.006663816,-0.002773457,-0.026068658,-0.018634796,0.009744985,0.018982294,0.00401091,-0.012920934,-0.004089668,-0.009175223,0.002996255,1,-0.002639773,-0.022350485,-0.027898671,-0.019137479,-0.007588791,-0.00150838,-0.011973209,-0.010747638
14/06/2016,-0.008972152,0.004828401,-0.00387202,-0.018015948,-0.007436746,0.007155374,-0.019782832,-0.011575013,0.008853931,0.038353162,0.010223642,-0.009420682,-0.007276577,-0.008115187,0.003584765,1,-0.019399476,-0.005523355,-0.008270247,-0.019481455,0.000848167,-0.009194502,-0.025209939,-0.012108764
15/06/2016,-4.02E-05,-0.020388318,-0.007978723,-0.014314352,-0.00325166,-0.005872118,-0.019744035,-0.02008943,0.007204348,0.036635007,0.002688172,-0.001008572,-0.000215767,-0.00179889,0.001488317,0,0.005371614,-0.003666599,-0.015419439,-0.012631561,-0.008191116,-0.02057373,-0.003377912,-0.002428167
16/06/2016,0.012525899,0.005477068,-0.009898948,0.009192999,-0.001960416,0.001398805,0.011840497,0.007304766,-0.004918716,-0.007853403,-0.002207854,-0.001779686,0.01205473,-0.00184068,-0.00312082,1,0.00418915,0.002952043,0.006145525,0.004566724,0.008178283,-0.010800838,0.022634819,-0.000238337
17/06/2016,-0.007516181,0.010158083,-0.037492189,-0.005854241,0.00526809,0.000536232,-0.003886514,-0.002735134,0.023672678,0.037672237,0.020546863,0.002064146,-0.008024029,0.003132995,0.003577818,1,-0.005351221,0.000606728,-0.002005432,-0.015085797,0.012223127,-0.000213713,-0.001872568,-0.002688267
20/06/2016,0.003786928,0.002473507,0.038303398,0.00846974,-0.003267336,0.000946174,0.010594829,0.01186627,-0.01800394,-0.019635542,-0.00232306,-0.009199345,0.003617603,-0.003257956,-0.003713607,0,-0.020498563,0.005244295,0.008932422,0.013259518,0.003174311,0.003245239,0.00509222,0.004170417
21/06/2016,0.009051709,0.016060132,0.028970404,0.0343316,0.007338547,0.010417906,0.03289028,0.030378221,-0.002602979,0.009654179,0.019770909,0.007680706,0.008359648,0.005808171,0.007156702,1,0.001660126,0.005952979,0.004763756,0.002320213,0.009145582,0.018226897,0.0037193,0.001706822
22/06/2016,-0.002015117,0.010102254,-0.010532712,0.005372404,0.001396247,-0.005338428,0.008311586,0.003634752,-0.005115338,-0.014699586,-0.006616403,0.001354086,-0.002257693,0.002712108,0.001036269,1,-9.30E-05,-0.001574022,0.001538809,0.013857561,0.008509589,0.003348044,-0.008849771,0.002012337
23/06/2016,-0.001757744,-0.013405379,0.005731832,0.005543386,-0.00274261,0.002348097,0.003696914,0.005563273,-0.007082847,0.053592121,0.000619579,-0.00215535,-0.001970827,-0.001651587,-0.002514049,0,0.005780266,0.00339967,0.015016586,0.000173958,-0.00078018,-0.000644623,0.010328155,0.00385512
24/06/2016,0.008838567,0.027982925,0.019947079,0.018465782,0.012948777,0.005557925,0.019994561,0.012283607,-0.004761051,-0.009073412,-0.018885449,0.015873147,0.008136573,0.013364022,-0.002520385,1,-0.005255763,0.000309957,-0.018170323,0.014613684,0.001336103,0.001840258,-0.006422271,0.006097254
27/06/2016,-0.022387419,-0.028211115,-0.049291559,-0.068233202,-0.033885827,-0.015054619,-0.086169211,-0.03146211,0.051719975,0.033712542,0.047649101,-0.041152414,-0.021987921,-0.035919785,0.009066587,1,-0.01358113,-0.030469671,-0.024451376,-0.07229089,-0.025788272,-0.03171928,-0.014980442,-0.049811396
28/06/2016,0.000198881,-0.017158478,-0.027497901,-0.030186792,-0.014971194,-0.007983569,-0.028331214,-0.02549241,0.008176684,-0.005234197,0.002107164,-0.0241165,0.000754148,-0.018096505,0.000294594,1,0.009088907,-0.006278103,-0.004199141,-0.003852022,0.018563449,0.004693734,0.015648323,0.00308121
29/06/2016,0.004605165,0.015453788,0.032808116,0.019271394,0.015722067,0.000961731,0.0226993,0.026443449,-0.011755703,-0.043443065,-0.010213277,0.021206066,0.004095272,0.017770202,-0.002797821,1,0.00273273,0.02365558,0.015996985,0.028396703,0.000456439,-0.006598925,0.011618677,0.020233683
30/06/2016,0.008137367,0.019904389,0.042424242,0.017464286,0.016367868,0.000927446,0.026646899,0.035774601,0.005444257,-0.088575458,-0.005007587,0.018621573,0.009369021,0.017032646,-0.004430006,0,0.009558519,0.040324153,0.025709957,0.014775161,0.013445836,0.007661709,0.004437165,0.012962992
01/07/2016,0.009698063,0.010294124,-0.031074579,0.007055565,0.013298347,-0.000539953,0.011496444,0.022683748,-0.003520052,0.008356546,-0.003355193,0.013271985,0.010208435,0.013565002,0.001186592,0,-0.000826897,-0.011202061,0.025709957,-0.003471784,-0.001015457,0.017696017,0.00010916,0.002952007
04/07/2016,0.005377463,0.013703708,0.013656114,0.009920362,0.001080871,-0.001914201,0.006394996,0.011300165,0.012320515,-0.033916513,0.002907422,0.004109303,0.004898796,0.001948677,-0.004592593,0,0.002920684,0.002425881,0.011121265,-0.009171857,0.005821129,0.002522261,-0.002561566,0.006109156
05/07/2016,0.004930943,0.006425435,-0.00734544,-0.006856503,0.001080871,0.002873467,-0.007231899,-0.008448075,0.007012233,-0.010166799,0.001221374,0.004109303,0.005085041,0.001948677,0.001190653,1,0.015227666,0.005421383,-0.002286876,0.008237088,0.002073398,0.006709107,0.023068847,0.003141588
07/07/2016,-0.004101726,-0.013817929,-0.042137718,-0.018176781,-0.006058708,-0.004631018,-0.017234934,0.00354325,0.002972211,-0.013801958,0.010826471,-0.008158237,-0.004151385,-0.006847524,0.002378475,0,0.000176981,-0.003842081,0.006411596,-0.005678851,-0.007201866,-0.005833971,0.003611782,-0.008489427
08/07/2016,0.001274346,0.002174298,-0.048281678,0.004856368,-0.001269071,-0.002038157,0.006782865,0.010860837,-0.008277372,-0.003580146,0.006613558,0.003632315,0.000233927,-0.000871541,0.001335113,1,-0.001936968,-0.000118889,0.000783726,-0.001301248,-0.008142001,0.005848966,-0.002997325,0.004573932
11/07/2016,-0.002742129,0.021649281,0.005981391,0.022389312,0.014017752,-0.006039909,0.020830186,0.008700922,-0.002249858,-0.014698677,-0.002837091,0.016393913,-0.001763034,0.015253349,-0.005333333,0,-0.007995078,0.007977003,0.01592119,0.003203531,0.010045636,0.000497332,-0.002193092,0.003589754
12/07/2016,0.018424147,0.015418867,-0.014314028,0.021158587,0.004418976,0.000289683,0.016670132,0.013992571,-0.000703775,-0.015580971,-0.022012579,0.006431621,0.01738514,0.003408611,0,0,0.003343592,0.000232455,0.004571105,0.038069868,0.006518102,0.020380461,-0.000410856,0.005946367
13/07/2016,0.006567924,0.005491093,0.045576408,0.013287354,0.006624264,-0.00228312,0.016677526,-0.000324711,-0.011070876,-0.004377841,-0.020517532,0.006851567,0.006276645,0.007009302,-0.00238308,1,0.018885649,0.011044243,0.014714728,0.023914092,0.008819342,0.00301662,0.01904415,0.008296796
14/07/2016,0.000253163,0.006301007,-0.043803419,-0.003348029,0.001332594,0.00336839,-0.002488546,-0.00154026,-0.001377721,0.036698799,0.002501172,-0.003402471,-0.000181902,0.00013475,0.000597193,0,-0.001765939,-0.001351727,-0.002767289,-0.006167778,0.000294301,0.006594187,0.001790452,-0.001758275
15/07/2016,0.004563336,0.016165161,0.020782123,0.013855001,0.007309445,0.000121097,0.012620722,-0.002388163,-0.016100026,0.018597064,-0.010603462,0.005659514,0.005340689,0.005259172,-0.002685765,1,-0.002079717,0.007386159,0.013688905,0.009476549,0.001916164,0.004286907,0.000559744,0.005613436
18/07/2016,-0.0037796,0.001755019,0.005910683,-0.00013905,0.000547918,-0.003134691,-0.001491696,0.002219561,0.004666086,0.001761691,0.00929866,-0.000887951,-0.0027554,-0.000928943,0.00448833,1,0.002281488,-0.00058315,0.003140477,0.009476549,0.007008733,0.003326188,-0.002957457,0.001414132
19/07/2016,-0.003227417,0.016300984,-0.015451578,-0.000374495,0.000891095,0.003380726,-0.003204164,0.003925485,0.007752678,0.022382094,-0.012183693,0.005207184,-0.003828412,0.00238234,0,1,-0.000267861,-0.001068026,0.003576692,0.013172019,-0.002911092,0.005322676,-0.00243139,0.002269326
20/07/2016,0.001476214,0.003785836,-0.013041556,-0.008137627,0.001400741,-0.003692146,-0.006127148,0.000291244,-0.003441182,-0.012040657,0.00142315,-0.00383917,0.002332906,-0.001435237,0.000893655,0,-0.006819246,0.00246626,-0.004046592,0.002096666,0.004204411,-0.001319044,-0.001815652,-0.004647024
21/07/2016,0.004616084,-0.002116651,0.006494961,0.016107217,0.001940836,-0.001242026,0.012230903,0.004721256,-0.010533748,0.012345679,-0.007421443,0.010634644,0.004373545,0.004270305,-0.000595238,1,-0.004275415,0.003966293,0.015040845,0.012510422,0.001929118,0.006860749,-0.002342893,0.002960167
22/07/2016,-0.007356742,0.001121283,-0.004227859,0.001400117,-0.004183914,0.000756956,0.000519052,-0.004324572,0.003989664,-0.017354597,0.009545021,-0.003149356,-0.006508403,-0.003612484,-0.000148898,1,0.005925681,-0.007035776,-0.002682054,-0.014374216,0.00660724,0.004354401,0.003474699,-0.006927938
25/07/2016,0.003346022,0.006366181,-0.012513966,-0.000861542,0.002895681,-0.004477521,0.0012599,0.004565747,-0.001679408,-0.013683373,-0.002363694,0.005175506,0.003654481,0.004553915,0,0,-0.009610104,0.008784403,0.007243632,0.002582933,-0.004678254,-0.002612198,-0.009884402,0.004672454
26/07/2016,0.01050597,-0.002269215,-0.023987327,0.005004208,-0.004188823,0.005535581,0.000333083,-0.003023558,-0.002642381,0.014195838,0.007429655,-0.000496063,0.011058165,-0.003011453,0.003871929,1,-0.000343903,-0.011577792,-0.008195084,-0.007204693,-0.000443864,0.005820087,0.001977999,-0.002650466
27/07/2016,-0.004229171,-0.001582129,-0.004869001,0.00485574,-0.001044175,-0.001942979,0.001910387,0.002071495,0.006715084,-0.006203277,0.009414718,0.002436426,-0.005210957,0.000322807,-0.001335113,1,0.010068709,0.006310911,0.013814879,-0.000589629,-0.001970985,0.001320025,0.012053589,0.00879367
28/07/2016,0.001708933,0.001234354,-0.023299161,0.007005433,-8.55E-05,0.002737633,0.00690859,0.003926217,0.002892408,-0.012323944,-0.010725944,0.005823818,0.002927602,-0.00119861,-0.003713607,0,-0.00271216,-0.002384537,-0.00266702,0.00424118,0.007601226,0.000397291,-0.022905418,0.000986646
29/07/2016,0.006576072,-0.003266679,-0.01860687,-0.004323832,-0.000856423,0.000667372,-0.011128596,-0.004350834,0.008428106,-0.018149409,0.000314268,0.002951471,0.005861325,0.001606218,-0.000894588,1,-0.004810678,-0.014078495,-0.003531652,-0.014248485,-0.010609049,0.003050707,0.004039591,-0.002873237
01/08/2016,-0.005557167,0.011313262,0.011181332,0.006089579,-0.001306325,0.003496315,0.008313948,0.000501409,-0.001192206,-0.015184024,0.02576186,0.001387008,-0.003207828,0.001631291,-0.005223101,1,-0.001427583,-0.004072939,-0.0012831,0.003400433,-0.001807705,0.001043804,-0.006880443,0.000726557
02/08/2016,-0.001737496,-0.00963998,-0.037019231,-0.000675212,-0.001504429,0.000604185,-0.007840816,-0.004532726,0.002397271,0.017596782,-0.001378465,0.004275367,-0.000225734,-0.001269783,0.00150015,0,-0.002068303,-0.001964814,-0.0012831,0.003312152,0.008544073,0.004494463,-0.007358805,-0.000572922
03/08/2016,-0.000764558,-0.010454974,-0.013729406,-0.018022326,-0.004930313,0.004582324,-0.020331546,-0.007252818,0.010144336,0.033761528,0.013650307,-0.008963775,-0.001580492,-0.006361593,-0.001198322,1,-0.000112318,-0.014432357,-0.012907868,-0.014717954,-0.00592684,-0.008608655,0.004450727,-0.007348472
04/08/2016,-0.010156634,0.016283676,0.033409263,0.002550191,0.002251311,-0.005723483,0.001403518,-0.00165528,-0.000160398,0.034729967,-0.002118323,0.004283993,-0.009051479,0.003133939,0.00134973,1,-0.001225042,0.003744007,0.005980687,-0.003632155,-0.014719824,-0.013286877,0.004454629,-0.001294382
05/08/2016,0.000608719,0.009057778,0.026940975,0.005668516,-0.000160719,-0.000698563,0.007310052,0.015941155,0.002421741,-0.067590454,0.00136467,0.001261691,0.000731435,0.00021259,0.001048375,0,-0.001720982,-0.000514246,0.004008986,0.006843622,0.00976216,0.001847888,0.000796261,7.48E-05
08/08/2016,0.013133259,0.001167485,-0.003100405,0.013624551,0.010433712,-0.003885114,0.014108187,0.007909308,-0.018917168,-0.052014531,-0.005905512,0.010620857,0.015442458,0.008603442,0,0,0.002757043,0.004655261,0.016535184,0.011259912,0.00047957,0.003944629,-0.002067961,0.009630003
09/08/2016,0.003711757,-0.000445881,0.029186603,0.006284237,-0.000767923,0.000155201,0.003097141,0.002305155,-0.001864732,0.016373454,-0.006549886,-0.001528408,0.003247669,-0.000907063,-0.000448833,0,0.00419733,0.004655261,0.006267643,0.010333921,0.002829734,0.007348929,0.009651419,0.003934734
10/08/2016,-0.003456392,0.00093675,-0.005811251,0.024974215,0.000202922,0.001902603,0.015508294,0.006193155,0.003818144,-0.003427592,0.004753143,0.002367095,-0.003799641,0.000389749,-0.000598713,1,0.00689348,0.0089587,0.002092227,0.004008439,0.005074406,0.002654484,0.007383443,0.00467662
11/08/2016,-0.011047827,-0.013341094,-0.024783727,-0.003928775,-0.002017477,0.004983165,-0.003538912,0.00220688,0.002272583,0.026483233,0.005951473,-0.003997719,-0.011862991,-0.002864686,0,1,-0.002029461,-0.006188291,-0.004388502,0.004008439,0.000677973,-0.001584872,-0.003238001,-0.000190893
12/08/2016,0.003050238,0.024240958,0.042675617,0.008633081,0.006372306,-0.003745645,0.010127681,0.007032777,0.007414206,-0.047579159,-0.006826456,0.004574808,0.001964946,0.004734566,-0.000299536,0,0.005351823,0.007954943,0.016801927,0.010665258,-0.004720259,-0.006439742,-0.004449709,0.005473309
16/08/2016,0.010509842,-1.99E-05,0.022993792,-0.002737637,-0.001990489,0.004506292,-0.00134141,0.000189451,-0.001619033,-0.031134565,0.008859019,0.000860684,0.009310824,-0.000796051,0.002397004,1,0.027037158,0.007488487,0.010668023,0.000697817,0.002464263,0.001645302,0.024227216,0.001061437
17/08/2016,-0.003118384,-0.004912422,0.01836467,-0.005825382,-0.004509003,0.008760432,-0.009997867,-0.006810071,0.002158677,0.029956427,0.009845501,-0.006634334,-0.003413225,-0.005479077,0.000299177,1,-0.013473329,-0.008179583,-0.000546764,-0.016731186,0.003837259,-0.001444043,-0.007519494,-0.005170233
18/08/2016,-0.002110844,0.007958484,0.004508373,-0.013017192,0.001181542,0.001180011,-0.011819547,-0.005043575,-0.000483625,0.042129385,0.00059997,0.000296531,-0.002140572,0.001868558,0.000299088,0,-0.00016982,-0.005420984,0.002225652,0.003232656,-0.006438903,0.000542299,0.00024461,0.001359167
19/08/2016,0.004215977,-0.002660145,0.030562086,0.00620251,0.001279212,0.004853533,0.004952123,0.001430206,0.005664721,-0.01556157,0.002998051,0.002197504,0.005704976,0.002199595,-0.000896995,0,-0.004948858,0.002940048,0.004644919,-0.005497327,0.001409106,-0.004914182,-0.002368273,0.004760394
22/08/2016,-0.001651292,-0.001134097,0.006221485,-0.005533324,-0.002426644,0.002121813,-0.009047508,-0.00145728,0.000617492,-0.000859107,0.001195636,-0.000337777,-0.000732136,-0.001440316,0.004638635,1,0.002199707,-0.001643005,-0.009165258,0.002468841,-0.002624537,0.003431497,0.002254555,-0.001715341
23/08/2016,-0.003257471,-0.022296177,-0.030296785,-0.00474282,-0.001247806,0.00030905,-0.002637962,-0.004433623,-0.005578373,-0.020808255,-0.000149276,0.00118739,-0.004355652,-0.00056322,0.000893655,1,-0.005008176,-0.000759558,-0.000612862,-0.002978446,0.003084923,-0.002098902,-0.008306033,-0.004916349
24/08/2016,0.000166872,0.004132656,0.022316684,0.009388862,0.000964952,-0.002432194,0.011268862,0.005853374,0.002584791,-0.023709168,-0.000298597,0.002951607,0.000399808,0.001951765,-0.001190476,0,0.003035314,0.001302083,0.00362709,2.36E-05,-0.003064133,0.007017099,0.003391129,0.003204078
25/08/2016,0.002491228,-0.005207684,-0.027650728,0.002840587,-0.003548765,-0.002952107,0.004963707,-0.004765226,-0.010105814,-0.029501709,-0.001344086,-0.008058813,0.002050367,-0.005240294,0.000744934,1,-0.004692074,0.008203001,-0.008529102,0.00180904,-0.008599645,0.001422449,-0.006009017,-0.004505515
26/08/2016,-0.00798398,7.38E-05,0.011973487,-0.008790385,-0.001789359,-0.000528723,-0.006946776,-0.002761938,-0.00563324,-0.015013902,-0.002990878,-0.00105219,-0.00671653,-0.001365241,-0.00223314,1,-0.003739512,0.002767862,0.000563242,-0.005705618,-0.002645345,-0.003560063,-0.001168072,-0.002370713
29/08/2016,-0.001927726,-0.000102041,0.006549757,0.005525381,-0.002873418,-0.00574629,0.007587802,0.003102583,-0.001668612,0.021452766,-0.011249438,0.001289283,-0.002286958,-0.001578848,0.00179051,1,-0.001841943,-0.011252946,0.00337229,0.008826518,-0.002645345,-0.004763709,-0.000452791,-0.003976944
30/08/2016,0.004334062,0.015491997,-0.013853904,-0.004092458,0.005848745,-0.00115058,-0.003939728,0.003102583,0.002087555,-0.029845247,-0.008283133,0.002569497,0.004071134,0.005228119,-0.000446828,0,-0.001410178,0.000692635,0.001784825,0.003602897,0.001724926,-0.008394525,0.000971171,0.004909693
31/08/2016,0.015781649,-0.000596652,-0.013409962,0.010735516,-0.002631467,-0.003648809,0.010755378,-0.002524111,-0.002518806,-0.011014052,-0.009719058,-0.001785056,0.015904827,-0.001953788,0.000447027,0,0.004300231,-0.008256681,0.004271068,0.009996417,-0.011745929,0.001663863,0.000481859,-9.81E-06
01/09/2016,0.003851391,-0.011511825,-0.035598706,-0.00609422,-0.002894718,-0.001116027,-0.002514229,-0.005758864,-0.008029171,0.017089094,-0.006900782,-0.001870576,0.004785947,-0.002375788,-0.002532023,1,0.004046441,-0.000265705,-0.006332487,0.001621205,0.000642148,-0.008268989,0.003592674,-0.007662196
02/09/2016,-0.001008359,0.00578849,-0.034451902,-0.005511348,0.001001039,0.000822902,-0.001865616,-0.005240721,0.000563409,0.007362658,-0.000926498,0.002683562,-0.001314561,-4.15E-05,-0.00253845,1,-0.004429681,-0.005138327,0.011348569,0.001102743,-0.000753622,-0.00320265,-0.00858312,0.005417804
06/09/2016,0.00382184,0.023698805,0.02965709,0.014192671,0.003944775,-0.00375015,0.020629729,0.022032413,0.009456297,-0.029985007,-0.007264297,0.004340748,0.003988763,0.0042011,0,0,0.001664528,0.009892204,0.004537182,-0.005632308,-0.001343163,0.010571769,0.00011398,0.004401739
07/09/2016,0.015628357,0.009453325,-0.00532505,0.001398022,0.00249622,0.006937743,-0.002436916,-0.007757921,0.003467923,-0.014683153,0.011048864,0.00495438,0.01513681,0.002981679,-0.002858432,1,0.001466261,0.014896008,0.004304725,-0.005732306,-0.00599123,-0.00294681,0.006600327,0.005150106
08/09/2016,-0.00178273,0.009453325,0.014945349,0.006160675,-0.000646236,0.001782806,0.007002892,0.003007596,0.005875656,0.030980392,0.005694936,0.001520117,-0.002801073,-0.000146354,0.003017502,0,0.001098085,-0.001600541,-0.003400009,0.002752492,-0.017397069,0.001958032,-0.00044641,-0.001860973
09/09/2016,0.004111129,0.001699833,0.046593407,-0.007224974,-0.002495393,0.003987449,-0.002626421,0.001770227,-0.003108376,-0.002282237,-0.005050505,-0.004627238,0.003874209,-0.002223076,0.002256318,0,-0.000148282,-0.005555594,0.009298289,0.000610575,0.011855661,-0.007079385,0.001773491,-0.00775802
12/09/2016,-0.008539425,-0.037055601,-0.036539269,-0.009540724,-0.021345342,0.001426049,-0.00983934,-0.011919168,-0.004475359,0.008768586,0.001999692,-0.025396047,-0.009583915,-0.024522074,0.004052229,1,-0.00334192,-0.005555594,-0.013740571,-0.014475971,0.011855661,-0.008652382,-0.018711455,-0.022094351
14/09/2016,-0.015408068,0.010110047,0.008936356,-0.013398667,0.013249325,-0.002209224,-0.013205817,-0.011221862,-0.002253931,0.151927438,0.006451613,0.016773607,-0.017041289,0.014677062,-0.002391629,1,-0.002639196,-0.003559046,-0.014367176,-0.007908904,-0.005771474,-0.00226071,-0.005332179,-0.022094351
15/09/2016,0.000659177,0.004200753,-0.029398664,-0.000789479,-0.001770103,-0.002449175,-0.003327955,0.001152179,-0.001752508,-0.031332021,-0.003818543,0.003590508,0.001262105,-0.000587677,-0.005064045,1,-0.00898374,-0.007416629,0.00050031,-0.007193336,0.001440283,0.003821191,-0.005332179,-0.022094351
16/09/2016,0.001433091,0.014897267,0.007572281,0.005087489,0.009853744,0.000359296,0.002991669,0.00853999,-0.006931844,-0.005757832,0.004139834,0.014674019,0.001827745,0.010109278,0.000898204,0,-0.00898374,0.004288119,0.00050031,-0.003250886,0.019441061,0.002333722,-0.005332179,-0.022094351
19/09/2016,0.006551252,-0.014328049,-0.020040993,-0.014862144,-0.004869189,-0.004456328,-0.012953255,-0.002974607,-0.001347522,-0.006642821,0.001221561,-0.000975296,0.00426649,-0.003772249,0.003290458,0,0,0.007201745,0.010733651,-0.003250886,-0.014710418,0.010839902,-0.001189804,-0.00720701
20/09/2016,0.001240252,0.004741085,0.006274692,0.009507433,-0.000200289,0.000100215,0.011263095,0.01538982,0.004443811,0.024691358,0.001982312,-0.001819024,0.003251764,-1.87E-05,-0.001490757,1,0.006725643,0.00482218,0.000314647,-0.003373284,0.002582344,-0.000358714,0.00727044,0.008545982
21/09/2016,-0.00388692,0.006731952,0.003233256,0.001926957,0.000540282,-0.001756929,-0.001162278,0.002530252,-9.08E-05,-0.010709505,0.002282758,0.001207252,-0.00368966,0.000299188,0.000149298,1,-0.002691824,0.000337515,0.001227973,0.004183935,0.012657127,0.001662008,-0.001846609,0.004125093
22/09/2016,-0.000553234,0.011387259,0.04373849,0.00410146,0.00903146,-0.000475139,0.00584176,0.000582656,0.009249995,0.001691475,0.010173094,0.010270255,0.000142436,0.010917112,-0.0037319,0,0.001507947,0.010919839,0.016890803,0.004183935,0.003615543,0.006787842,0.005573243,0.01359495
23/09/2016,0.009320731,0.010279324,0.021614468,0.022774898,0.00539858,0,0.023308452,0.011211789,0.005281956,-0.098953056,-0.005862017,0.008373653,0.010288078,0.006499871,-0.001648187,0,0.007109039,-0.007891946,-0.003494121,0.017483768,0.007033919,0.00653607,0.002096484,0.001419298
26/09/2016,-0.00364611,-0.005037277,-0.039723661,-0.004422822,-0.007123028,0.002751759,-0.00635058,-0.000285036,-0.001309633,-0.006934033,-0.00136075,-0.006324539,-0.004048515,-0.005736779,0.00120066,1,-0.001995119,-0.000669318,-0.011820897,-0.003125925,-0.006821303,0.010568425,-0.005435514,-0.000224038
27/09/2016,-0.013043712,-0.01096257,0.032598921,-0.021949813,-0.009124139,0.001081659,-0.018609575,-0.013226851,0.001381962,0.099452727,0.005147615,-0.009095792,-0.012285499,-0.008587835,-0.001499026,1,-0.012827003,-0.0065574,-0.008439883,-0.018946039,-0.011447354,1.84E-05,-0.017716561,-0.007521581
28/09/2016,-0.002494497,0.005666494,-0.02743305,-0.003100914,0.00737614,-0.006276179,-0.001693617,-0.001520965,-0.012743958,-0.021627188,-0.003916252,0.009171677,-0.001908736,0.006444248,-0.002702297,0,0.004795808,0.010709344,0.004268705,0.006959955,-0.00887636,-0.004694922,0.00877768,0.012393733
29/09/2016,0.002448651,0.016670752,0.053279606,0.007417859,0.006086141,-0.001060467,0.006822986,0.006126913,-0.003465762,-0.028245614,-0.003326781,0.002420034,0.004450749,0.005296468,-0.001204275,1,-0.004910689,0.002343384,0.015896755,0.006138144,0.006844549,0.00120239,-0.00284267,0.000567253
30/09/2016,-0.016445168,-0.016935169,0.016578108,-0.003142262,-0.010676015,0.007619278,0.000157132,0.010225743,0.002932878,0.332370464,0.003337885,-0.009288246,-0.017598326,-0.009321304,0.006932931,1,0.004765006,-0.003620096,-0.016505796,-0.007939758,0.012971946,0.010882418,0.000695148,-0.004598447
03/10/2016,0.001381007,0.000282431,0.008572026,0.010136908,0.009077656,-0.002240493,0.003563334,-0.002903423,-0.001200121,-0.068834688,-0.006955996,0.008132241,0.00231631,0.007967905,-0.003741955,0,0.00200532,0.007046194,0.009282582,0.005558911,-0.00861634,-0.006470126,0.000695148,-0.004598447
04/10/2016,0.013540894,0.018746536,0.01181592,0.010136908,-0.002965892,-0.002820271,-0.001245737,0.012202634,-0.007589833,-0.09080326,-0.003045531,-0.002095256,0.014742514,-0.003260664,-0.00015024,0,0.00200532,-0.003014046,0.000529324,0.005763602,0.003516787,0.007836789,0.000695148,0.00130948
05/10/2016,0.00323121,-0.002051757,-0.002458513,0.010331062,-0.004678465,0.000415525,0.010338503,0.013004903,-0.023027178,-0.040172855,-0.011302887,-0.002114747,0.003553404,-0.00495558,0.000901578,0,0.00200532,0.000111453,-0.001920107,0.007585147,0.004750842,0.001003924,0.000695148,-0.006597178
06/10/2016,-0.004008181,0.01542167,0.023413432,-0.003185616,0.006196456,-0.000509141,-0.001062882,-0.005808316,-0.01053396,-0.004502251,-0.006334003,0.004983307,-0.002873711,0.004296695,-0.00060051,1,0.00200532,0.008727176,0.010139751,0.007488136,-0.009201133,-0.005671043,0.000695148,0.012689821
07/10/2016,-0.004066833,0.006470903,0.012241622,-0.001604039,-0.00068541,-0.003042997,-0.001553062,-0.004733231,-0.009658799,-0.006030151,-0.00233209,-0.001724975,-0.003934149,0.000481542,0.001952832,1,0,-0.002023096,0.003752817,-0.0018021,-0.001857054,0.005519999,0.000695148,-0.001618905
10/10/2016,-0.00160356,0.007663382,-0.012490087,-0.007374536,-0.00153324,0.003092624,-0.006953316,0.006347179,0.004009262,-0.023592855,0.008570983,-0.002722896,-0.001372057,-0.00325347,-0.00149925,0,0,-0.007209351,0.003752817,-0.0018021,-0.004869076,-0.002845158,0.008753444,-0.009080568
13/10/2016,0.000755493,0.009153319,0.030917486,0.012698673,0.004854584,-0.007258664,0.011727772,0.007539333,-0.001856136,-0.013807387,-0.008343634,0.006853223,0.001287712,0.004605941,-0.001651652,1,-0.002846098,-0.012625658,-0.003700359,0.004337498,-0.015086762,-0.00094894,0.000212605,0.005447436
14/10/2016,-0.015640791,0.00158517,0.005181347,-0.010358194,-0.002494461,0.004092426,-0.010967311,-0.006587405,0.00893155,0.07980399,0.004679457,-0.004903589,-0.015553234,-0.003099318,-0.000299356,0,-0.000351225,-4.28E-05,-0.007743221,-0.010209279,-0.00811073,-0.007142074,-0.000320474,-0.006061977
17/10/2016,0.001102987,0.010612812,-0.001784298,0.015969741,0.002179133,-0.00888269,0.016856916,0.005132034,-0.010267459,-0.034846029,-0.005899705,0.000159207,0.001172237,0.000201637,-0.001048061,1,0.002696083,0.002270904,0.001928204,0.007211493,0.007791896,-0.000275964,0.002518818,0.003596055
18/10/2016,-0.005190145,0.015038559,-0.008142999,-0.007259664,-0.002865747,0.003675089,-0.005444286,-0.009410356,0.004352423,0.051553317,0.004060597,-0.002750203,-0.007339749,-0.003038003,0.001049161,0,-0.007335807,0.001533033,-0.001482438,-0.000564847,-0.002279516,-0.0083364,-0.008904653,-0.000552015
19/10/2016,0.018921561,0.017323244,0.00700841,0.012184429,0.004176619,-0.002572671,0.012719695,0.00755806,0.000437529,-0.071382945,-0.000622181,0.008465678,0.018485048,0.006160357,-0.000898338,1,0.01313239,0.005092818,0.011396356,0.005372929,0.029478643,0.004101175,0.01591822,0.004127606
20/10/2016,-0.002371049,-0.004336632,0.026048916,0.001329063,0.002239849,-0.001890127,0.002937325,0.00312283,0.008627583,0.005159071,0.002801556,0.000490099,-0.002166423,0.002191999,-0.001198861,0,-0.001062674,0.008392019,0.000807051,0.002739943,0.016690944,0.004546463,-0.000272219,0.003899459
21/10/2016,0.005198259,0.005231664,-0.022674419,0.005233109,-0.002212319,-0.001257913,0.006770421,0.000709208,0.003907095,-0.030624465,-0.002172901,-0.000872978,0.004654063,-0.001375747,0.002700675,1,0.001222811,-0.003980629,0.000807051,0.016729453,0.001131665,0.00123266,-0.001141038,-0.002309062
24/10/2016,-0.001872033,0.004233069,0.008328376,0.000872784,-0.000916181,-0.002785954,0.000331532,-0.000915055,-0.00356119,-0.023649841,0.002488723,0.002970337,-0.000729935,-8.41E-05,0.001496334,0,0.007256185,0,0.00080939,-0.003887467,-0.015662066,-0.002168281,0.003459478,-0.001083652
25/10/2016,0.003629282,-0.000751699,-0.006489676,0.004709296,0.004261062,-0.001434622,0.005267006,-0.004852951,-0.001105481,0.036334056,-0.004499612,0.00997261,0.001829047,0.004749762,-0.001195279,0,0.011169013,0.004186514,0.006404164,0.004766922,0.000812552,-0.004014511,0.011616888,0.002503448
26/10/2016,-0.003110818,-0.003023577,-0.011084719,-0.000358697,-0.002950113,2.06E-05,-0.002084774,0.004471545,0.003320114,0.010465725,-0.000935162,-0.00497756,-0.002026651,-0.003797651,-0.000598355,1,-0.001967694,-0.003093513,-0.007868393,0.001757365,-0.007522834,0.006341869,0.000597832,-0.005836585
27/10/2016,-0.009074301,-0.000634295,-0.01561249,-0.004427687,0.001654442,0.002777071,-0.002082652,-0.008485759,0.000439567,-0.002071466,-0.001560062,-0.006270583,-0.008750129,-0.001740421,0.000748391,0,-0.005624427,-0.005057054,-0.002092225,0.001001787,-0.006139988,-0.015249504,-0.005508269,-0.005974281
28/10/2016,0.00285201,0.006640116,0.010980073,0.000690964,-0.001629181,-0.000829443,0.001359957,0.004093077,-0.002808224,-0.025428127,-0.0075,-0.006532997,0,-0.002986777,0.000299133,0,-0.002600046,-0.002624385,-0.011066,0.005872115,-0.007087733,-0.011996716,-0.000289147,0.001848145
30/10/2016,0.000917398,0.000904754,-0.020514883,-0.001949225,-0.000467262,0.00670966,-0.001922098,0.001386947,0.004300981,0.04029109,0.004093199,-0.004959768,0.002640666,-0.00310824,-0.001495215,0,-0.002600046,-0.002624385,-0.011066,0.005872115,-0.007087733,-0.011996716,-0.000289147,0.001848145
01/11/2016,-0.000404416,0.000904754,-0.020514883,-0.001949225,-0.000467262,0.00670966,-0.001922098,0.001386947,0.004300981,0.057157482,0.004093199,-0.004959768,-0.001423941,-0.00310824,-0.001495215,0,-0.001899563,0.006779649,0.00740792,0.001131854,-0.007087733,0.006415837,0.001443244,-0.003917884
02/11/2016,-0.001919069,-0.024614737,-0.004054631,-0.01301921,-0.005805179,0.006930456,-0.010506505,-0.005332014,0.012189179,0.015816656,0.006444514,-0.006852773,6.38E-05,-0.006786915,0.000149948,1,0.006056675,-0.005312571,-0.002998037,-0.008201126,-0.009571512,-0.005114993,0.004536281,-0.003993192
03/11/2016,-0.012533446,-0.024614737,-0.028497964,-0.014747068,-0.004294482,0.004794195,-0.014216959,-0.010368447,0.012333131,0.067524627,0.009370608,-0.009315854,-0.013012607,-0.006525486,0.00089955,0,-0.008456749,0.000882417,-0.010350797,-0.008201126,-0.019169307,-0.01162461,-0.006088461,-0.010263555
04/11/2016,-0.003521605,-0.024890875,-0.014997794,-0.004343873,-0.001613061,-0.000674869,-0.002241483,-0.008021422,-0.002449212,-0.019794612,0.001701996,-0.009236971,-0.003412027,-0.004423387,-0.001348113,1,0.011252784,-0.001417047,-0.004271959,-0.01586611,-0.007740959,-0.00065022,0.009555148,0.004526743
07/11/2016,-0.005691885,-0.002457969,-0.013210927,-0.00646434,-0.002364106,0.005105452,-0.006376346,-0.014321457,0.001406112,0.023231096,0.000308928,-0.002380195,-0.006034214,-0.00166614,0.001949903,0,-0.001783993,0.001036592,0.003147508,0.009521648,0.003833073,-0.008573178,-0.000466998,0.006910735
08/11/2016,0.006777113,0.03982669,0.018606762,0.019282337,0.020757725,-0.00976262,0.018530866,0.016978274,-0.015329363,-0.020181036,-0.013434219,0.023739837,0.007505558,0.022223501,-0.000748503,0,0.001463614,0.004777667,0.013190664,0.006812437,0.010709674,0.013511427,0.005136181,0.005997257
09/11/2016,0.004812631,0.001655383,0.002004901,0.002426138,0.004005564,-0.00878681,0.004702121,0.00532254,-0.002192135,0.015901863,-0.014086712,0.00528825,0.005472488,0.003771956,-0.007490637,1,0.003780509,0.008205664,0.002889664,0.002276326,0.006371728,0.00133313,0.001636453,-0.00073648
10/11/2016,-0.012272418,-0.014018743,0.00644731,0.015615818,0.014015908,-0.006544135,0.010868451,0.010040727,-0.002991692,-0.008944544,-0.000635021,0.011086957,-0.013056633,0.011077044,0.004075472,0,-0.008106105,-0.004980613,-0.008659199,-0.041609309,-0.012683249,-0.019247594,0.000781925,-0.009078324
11/11/2016,0.009729372,-0.032522388,-0.013474707,-0.001492578,0.011737151,0.003748389,-0.003173783,-0.012132804,-0.009151102,-0.069945848,-0.005718824,-0.008049788,0.011118359,0.00195076,0.005261575,1,0.010692598,-0.000265687,-0.009903391,0.058187414,-0.011947459,0.033394097,0.006625293,-0.000492499
15/11/2016,-0.025396763,-0.032964352,-0.027989252,0.003558756,0.002115071,0.007029443,-0.005438868,-0.014286802,-0.016351605,0.123402879,0.011822975,0.005435033,-0.026912588,-0.001397937,0.010468072,1,0.003333492,-0.010191142,-0.003281832,0.012751117,-0.008098788,-0.004654887,0.006976795,-0.002824104
16/11/2016,-0.01917273,-0.032964352,0.057479224,0.003876118,0.002881493,-0.001442684,0.003263373,0.005857981,0.019452159,0.160092139,-0.006877799,0.010965047,-0.022642624,0.007480824,0,0,-0.001783582,0.008960928,0.00759197,0.008043427,0.002584587,-0.003647792,-0.00045172,0.001765006
17/11/2016,-0.000225816,0.018469777,-0.005239031,-0.006638945,-0.002902279,0.000295834,-0.00765972,-0.006333232,0.00388698,-0.03189377,0.004026413,0.00359389,0.000388484,-0.001582286,0.003097802,0,-0.001317246,-0.002033079,-0.012028086,-0.003695498,0.014270602,0.000281627,-0.003116721,-0.002327319
18/11/2016,-0.002702416,-0.016274869,-0.003291639,0.002032095,0.001891018,-0.005715465,0.005098534,0.006665462,-0.002656031,-0.040635816,-0.009143407,0.007439684,-0.00390182,0.004676289,0.000294118,0,0.001645996,0.006976586,0.003119521,0.014499108,0.010266624,0.002027141,0.002716899,0.003471291
21/11/2016,-0.002950325,0.00320041,0.005944518,-0.001963401,-0.001898558,-0.001134446,-0.00689068,-0.002787463,-0.007669501,-0.048369856,-0.005018617,-0.002335971,-0.000724014,-0.0023867,0.002499265,1,-0.003050408,0.006903406,0.00331891,0.000770075,0.000265866,0.003914957,-0.005827531,-0.006071394
22/11/2016,-0.014726442,0.018486949,0.039395929,0.001928818,0.004704279,0.004466759,0.004018763,0.00032321,0.00211666,0.072591969,0.001627075,0.00889785,-0.017958658,0.007461387,0.000586596,0,0.011894571,-0.000348972,0.008007425,0.002936009,-0.014048963,-0.001511363,0.010186608,0.002557039
23/11/2016,0.007593205,0.014478403,0.011370815,0.002687848,0.003543868,0.002220001,0.003745504,0.006161146,-0.000641999,-0.033119518,-0.000324886,0.003257675,0.009231817,0.002165428,0.002491573,0,0.007329261,-0.000634717,0.009367896,0.002936009,-0.021750134,0.01158597,0.008370123,0.005855056
24/11/2016,0.003506443,0.000507469,-0.001457422,-0.004798462,0.003117662,-0.001128179,-0.004004165,-0.000294734,-0.017579814,-0.023016518,-0.006499838,-0.001052661,0.003873886,0.000808011,0.005555556,1,0.006805259,0.000102325,-0.005620108,0.013196028,0.003664577,0.013134317,-0.003235897,-0.001272866
25/11/2016,-0.007356111,-0.009524423,0.000417014,0.002515372,0.003117662,-0.000433875,0.002790109,0.001685317,0.004115551,-0.048780488,-0.007687275,-0.001052661,-0.008439869,0.000808011,-0.000290782,0,0.002858307,0.003905588,0.001523822,0.003153884,0.005435902,0.000127635,0.001176859,-0.006301918
28/11/2016,0.017639869,0.002663875,-0.040016674,0.000936454,0.003613653,-0.000406504,0.002558706,0.001691267,-0.002820757,0.026369464,-0.001318609,0.003389906,0.01868056,0.003914329,-0.003490401,1,0.011535073,0.006550763,0.005737482,-0.004623227,0.002585597,0.004138484,0.008888574,0.002017642
29/11/2016,0.001285513,0.021059769,0.022145028,-0.01089794,-0.002832059,0.0034946,-0.010359601,-0.006034426,0.003590035,0.025124202,0.011222974,-0.005577041,0.001552814,-0.005254479,0.000875657,1,0.004710757,0.006169456,2.51E-05,-0.002128115,-0.011371918,-0.007879734,-0.000250761,0.000263081
30/11/2016,0.001663746,-0.02973455,-0.039294817,0.003573767,0.001240974,0.003770915,0.007166534,-0.004040021,-0.001284309,-0.019246746,-0.003427452,0.00206936,0.001876484,0.00133532,0.00058326,0,0.013854749,0.011673341,0.004522965,0.005059235,-0.011371918,-0.001262719,0.000890118,0.001658995
01/12/2016,0.009805255,0.015082677,0.093079814,0.001865262,0.000103548,-0.005980689,0.004341072,0.001740992,-0.010501193,-0.048425808,-0.018506387,-0.010453687,0.010114036,-0.00265347,-0.00029146,0,-0.01093684,-0.000607117,0.004653197,0.009763004,0.011510053,-0.003114979,-0.004617773,0.003585171
02/12/2016,-0.003485186,-0.038765322,0.03276699,-0.009985621,0.003574122,0.001665944,-0.006760366,-0.004549079,-0.01491325,-0.009643917,-0.002002336,-0.013631548,-0.003842179,-0.003515538,-0.005247813,1,0.00422401,0.00572821,-0.009229737,-0.005378404,-0.003110629,0.010973256,0.004018999,-0.003693119
05/12/2016,-0.012396875,0.013605059,0.012142577,-0.001965056,-0.001120784,-0.002020549,-0.005229332,-0.003288943,0.00808816,0.074606742,0.001504765,0.000864579,-0.012950237,0.000397064,-0.003077374,0,-0.004653233,-0.003907396,-0.00686507,-0.00464483,0.003174109,-0.01021781,-0.020286717,-0.007287364
06/12/2016,0.004515327,-0.008031019,0.002128483,0.016310691,0.002390141,0.008491092,0.012477074,0.002393503,-0.009389408,-0.035968214,-0.002504174,0.010130051,0.005187466,0.005821301,0,0,-0.015533603,0.008362768,0.005027291,0.005846347,-0.013618235,-0.008008817,-0.00054623,0.005494198
07/12/2016,0.001656983,0.021000897,-0.016605522,0.008469016,0.001849477,-0.008419601,0.015726804,0.004892668,0.003895235,-0.010556761,-0.005690377,0.004541439,0.00177149,0.003410879,-0.004262825,1,-0.001179473,0.004797336,0.004884934,-0.001227705,0.000254094,0.005240353,-0.001111795,0.009703973
08/12/2016,-0.005906544,0.005338997,-0.02277636,0.019616123,0.015470777,-0.001239576,0.013377366,0.018052048,0.001613578,-0.015200234,-0.002188184,0.011393212,-0.005047187,0.013163188,-0.004428698,0,0.001561292,0.002674629,0.009745614,0.013000053,0.01580561,0.009099784,0.008466548,0.006323627
09/12/2016,0.017433863,-0.012013958,0.021498895,0.017542135,0.003334592,-0.011204501,0.01385954,0.004247902,-0.011367112,-0.078361532,-0.000843455,0.004375426,0.01787202,0.002159413,0.001631079,0,0.001784444,-0.002630399,-0.011357784,0.008878029,0.018290285,0.0119567,-0.0050255,0.008071463
12/12/2016,0.001981698,-0.002899801,0.012981904,0.002165586,0.007241467,-0.00615037,0.003688253,0.00326911,-0.004719846,-0.029468599,-0.012831335,0.00500982,0.00180675,0.005938946,-0.001184308,1,0.015438594,0.000875731,0.004147881,0.01825055,0.000614672,0.003066599,0.007580998,0.003670006
13/12/2016,-0.008671568,-0.021851181,0.025825243,-0.001197826,0.002003356,0.006272628,0.000491002,-0.009172861,-0.006445711,0.074664012,0.002565418,-0.005870144,-0.011008564,-0.001137405,-0.000592856,0,-0.010340298,-0.00245936,-0.019800729,-0.003287145,-0.024767547,0.000395641,-0.029279426,-0.002736288
14/12/2016,0.006885851,0.00172292,0.002839296,0.00843952,0.005798015,-0.001004058,0.011753269,0.011341834,0.003272617,-0.016674386,-0.001705902,0.009476142,0.006241739,0.00653977,-0.000296604,1,-0.00700482,0.003535579,0.008438647,0.007805652,0.002102075,-0.003199827,0.003309982,0.008231387
15/12/2016,-0.003557594,-0.018023612,-0.036617592,-0.003527801,-0.005960461,-0.007558943,-0.007723892,-0.002781058,0.003283671,0.042078819,-0.014866712,-0.004970872,-0.004786057,-0.008117198,0.001038422,1,-0.004132247,-0.008480468,-0.015002184,0.002993771,0.00044276,0.007141569,-0.007499889,-0.010244387
16/12/2016,-0.003148912,0.003161541,-0.002742947,0.010810292,0.003016795,-0.00604117,0.011841044,0.007169181,-0.025810109,-0.056501431,-0.003989592,0.003711831,-0.003525839,0.003883228,0.005631298,0,-0.022302144,-0.001313752,-0.0117411,0.005727014,-0.005284648,-0.008236937,-0.004558891,0.007521734
19/12/2016,-0.001112784,-0.000121926,0.019646365,0.003308875,-0.000444786,0.003530694,0.002923311,0.001804541,0.002679601,-0.025710636,0.001567398,-0.003608309,-0.00173543,-0.00175064,0,1,-0.002110632,-0.001458615,-0.002297651,-0.004761197,-0.001749027,-0.001029141,0.00295355,0.001006209
20/12/2016,-0.004336048,-0.021888526,0.004238921,0.001989651,0.001998144,-0.00481559,-0.00042648,0.000787262,0.005095766,-0.027208654,0.007476961,0.003729888,-0.004312331,0.001975138,-0.000294724,1,-0.005424215,-0.004402715,-0.008121357,0.001137195,-0.019765462,0.005277522,-0.001538116,0.002682161
21/12/2016,-0.002529697,0.008262858,0.002110514,0.003329045,0.004604925,-0.000318814,0.006617861,0.003819209,-0.006254688,-0.02021904,-0.005350362,0.004855757,-0.002708422,0.003637521,0.001179245,0,-0.007274059,-0.001621468,0.000150683,0.009264843,-0.003115687,0.005213858,-0.002779293,0.002249532
22/12/2016,-0.00249354,0.001105016,0.004977982,0.000340173,-0.001635075,0.002338717,-0.002640719,-0.000360593,0.004894215,0.011521926,0.001388166,-0.002281207,-0.002610611,-0.002457327,-0.001177856,1,0.006675949,-0.004370996,0.001347212,-0.0076957,-0.003370674,0.004006367,0.008019979,-0.003835138
23/12/2016,-0.010013573,-0.006787921,0.008763574,-0.001093416,-0.001157359,0.001258546,-0.000379118,0.003161294,-7.80E-06,0.057633458,0.00017328,-0.00438825,-0.010196867,-0.001862987,0.000147406,0,-0.002984803,-0.01041505,-0.011304473,-0.0076957,-0.01785867,0.005415516,0.000884374,-0.002664564
26/12/2016,0.002351845,0.011909656,0.001322002,-0.000538578,0.00074954,0.001807769,0.001364119,0.000635646,-0.002910815,-0.027326796,0.001732502,0.002803162,0.000833427,0.001251681,-0.000147384,1,-0.005519738,-0.01041505,-0.011304473,-0.000125794,-0.01785867,0.005415516,-0.012552114,0.001060815
27/12/2016,-0.008970573,0.011791234,0.003206337,-0.000538578,0.00074954,-0.001177159,0.001364119,0.000635646,0,0.097504545,0.001210654,0.002803162,-0.009704787,0.001251681,-0.001179245,0,0.006569605,-0.002735716,-0.011304473,-0.00211298,0.005145496,0.005415516,0.007045529,0.00118234
28/12/2016,0.015745279,0.001303815,0.013348374,0.001948484,0.000563364,0.003302752,0.001392804,0.000635646,0.003398914,-0.091552477,-0.000690966,0.004530735,0.015755698,0.002248442,0.003246753,1,-0.00273256,0.008414873,0.000413849,0.001998612,0.016678294,-0.002834919,-0.001161228,-0.009251546
29/12/2016,-0.00010529,0.018483836,0.00296846,0.000239709,-0.005583343,-0.000471273,5.80E-05,0.005363482,0.004677158,0.030498923,0.007087295,-0.008907614,0.000248978,-0.008356546,0.003677552,1,-0.00456708,-0.0001802,0.001314307,-0.00469624,0.023562777,0.01014588,-0.005758293,-0.000712215
30/12/2016,0.005931552,0.007454798,-0.00536441,-0.002086276,-0.000700828,0.003152687,-0.00212278,0.001995474,0.008996617,-0.016728326,0.002403021,-0.001189653,0.008556476,-0.000293344,-0.00425033,1,-0.000584591,0.004540476,0.010553915,-0.015717288,0.023562777,0.002480211,0.000487751,-0.000712215
